{
  "bm25": {
    "P@5": 0.12199999999999993,
    "R@5": 0.61,
    "NDCG@5": 0.43789500838285317,
    "P@10": 0.07133333333333344,
    "R@10": 0.7133333333333334,
    "NDCG@10": 0.471562951653926,
    "num_queries_eval": 300.0,
    "avg_latency_ms": 41.40124207973713,
    "hit_rate@1": 0.25333333333333335,
    "hit_rate@3": 0.4766666666666667,
    "hit_rate@5": 0.61,
    "hit_rate@10": 0.7133333333333334,
    "found_mean_rank": 3.0046728971962615,
    "not_found_top10": 86
  },
  "dense": {
    "P@5": 0.15133333333333368,
    "R@5": 0.7566666666666667,
    "NDCG@5": 0.6238613144773507,
    "P@10": 0.0840000000000003,
    "R@10": 0.84,
    "NDCG@10": 0.6516194596809041,
    "num_queries_eval": 300.0,
    "avg_latency_ms": 41.51385936381606,
    "hit_rate@1": 0.4533333333333333,
    "hit_rate@3": 0.6866666666666666,
    "hit_rate@5": 0.7566666666666667,
    "hit_rate@10": 0.84,
    "found_mean_rank": 2.234126984126984,
    "not_found_top10": 48
  },
  "hybrid_score": {
    "P@5": 0.14666666666666694,
    "R@5": 0.7333333333333333,
    "NDCG@5": 0.5755314124727616,
    "P@10": 0.08066666666666691,
    "R@10": 0.8066666666666666,
    "NDCG@10": 0.6001849628807285,
    "num_queries_eval": 300.0,
    "avg_latency_ms": 46.031219971191604,
    "hit_rate@1": 0.4,
    "hit_rate@3": 0.64,
    "hit_rate@5": 0.7333333333333333,
    "hit_rate@10": 0.8066666666666666,
    "found_mean_rank": 2.384297520661157,
    "not_found_top10": 58
  },
  "hybrid_rrf": {
    "P@5": 0.14666666666666694,
    "R@5": 0.7333333333333333,
    "NDCG@5": 0.5814953013883152,
    "P@10": 0.08133333333333359,
    "R@10": 0.8133333333333334,
    "NDCG@10": 0.6082352663174301,
    "num_queries_eval": 300.0,
    "avg_latency_ms": 45.59271096009373,
    "hit_rate@1": 0.39666666666666667,
    "hit_rate@3": 0.6533333333333333,
    "hit_rate@5": 0.73,
    "hit_rate@10": 0.8133333333333334,
    "found_mean_rank": 2.3934426229508197,
    "not_found_top10": 56
  }
}
