{
  "P@1": 0.25666666666666665,
  "R@1": 0.25666666666666665,
  "NDCG@1": 0.25666666666666665,
  "Hit@1": 0.25666666666666665,
  "MRR@1": 0.25666666666666665,
  "P@5": 0.12133333333333325,
  "R@5": 0.6066666666666667,
  "NDCG@5": 0.4382721656920713,
  "Hit@5": 0.6066666666666667,
  "MRR@5": 0.3826666666666667,
  "P@10": 0.07133333333333344,
  "R@10": 0.7133333333333334,
  "NDCG@10": 0.47305122007425515,
  "Hit@10": 0.7133333333333334,
  "MRR@10": 0.3971679894179894,
  "P@20": 0.03800000000000009,
  "R@20": 0.76,
  "NDCG@20": 0.48500114606696326,
  "Hit@20": 0.76,
  "MRR@20": 0.40052176955311625,
  "P@50": 0.01613333333333328,
  "R@50": 0.8066666666666666,
  "NDCG@50": 0.4942803560115652,
  "Hit@50": 0.8066666666666666,
  "MRR@50": 0.4020227825590086,
  "num_queries_eval": 300.0,
  "latency_p50_ms": 37.9424580023624,
  "latency_p95_ms": 56.34801064734348,
  "latency_mean_ms": 42.38176821071344,
  "num_latency_queries": 300.0,
  "index_size_mb": 0.0001468658447265625
}
