{
  "P@1": 0.4533333333333333,
  "R@1": 0.4533333333333333,
  "NDCG@1": 0.4533333333333333,
  "Hit@1": 0.4533333333333333,
  "MRR@1": 0.4533333333333333,
  "P@5": 0.15133333333333368,
  "R@5": 0.7566666666666667,
  "NDCG@5": 0.6227771594920516,
  "Hit@5": 0.7566666666666667,
  "MRR@5": 0.5775555555555555,
  "P@10": 0.0840000000000003,
  "R@10": 0.84,
  "NDCG@10": 0.6505353046956052,
  "Hit@10": 0.84,
  "MRR@10": 0.5894788359788357,
  "P@20": 0.042833333333333494,
  "R@20": 0.8566666666666667,
  "NDCG@20": 0.6549829978657762,
  "Hit@20": 0.8566666666666667,
  "MRR@20": 0.5908235329485326,
  "P@50": 0.017666666666666584,
  "R@50": 0.8833333333333333,
  "NDCG@50": 0.6605573113939962,
  "Hit@50": 0.8833333333333333,
  "MRR@50": 0.5918405683822346,
  "num_queries_eval": 300.0,
  "latency_p50_ms": 13.246791495475918,
  "latency_p95_ms": 16.958635451737795,
  "latency_mean_ms": 14.37847358562673,
  "num_latency_queries": 300.0,
  "index_size_mb": 24.436081886291504
}
