{
  "P@1": 0.49666666666666665,
  "R@1": 0.49666666666666665,
  "NDCG@1": 0.49666666666666665,
  "Hit@1": 0.49666666666666665,
  "MRR@1": 0.49666666666666665,
  "P@5": 0.15133333333333368,
  "R@5": 0.7566666666666667,
  "NDCG@5": 0.6390288104078005,
  "Hit@5": 0.7566666666666667,
  "MRR@5": 0.5994444444444449,
  "P@10": 0.08200000000000027,
  "R@10": 0.82,
  "NDCG@10": 0.6596533043196391,
  "Hit@10": 0.82,
  "MRR@10": 0.6080343915343918,
  "P@20": 0.0433333333333335,
  "R@20": 0.8666666666666667,
  "NDCG@20": 0.6716219857760317,
  "Hit@20": 0.8666666666666667,
  "MRR@20": 0.6114069521093519,
  "P@50": 0.017933333333333246,
  "R@50": 0.8966666666666666,
  "NDCG@50": 0.6777174661532205,
  "Hit@50": 0.8966666666666666,
  "MRR@50": 0.612439454262325,
  "num_queries_eval": 300.0,
  "latency_p50_ms": 113.11014601960778,
  "latency_p95_ms": 136.8013728701044,
  "latency_mean_ms": 119.58210166194476,
  "num_latency_queries": 300.0,
  "index_size_mb": 48.47080612182617
}
