{
  "P@1": 0.39666666666666667,
  "R@1": 0.39666666666666667,
  "NDCG@1": 0.39666666666666667,
  "Hit@1": 0.39666666666666667,
  "MRR@1": 0.39666666666666667,
  "P@5": 0.14600000000000027,
  "R@5": 0.73,
  "NDCG@5": 0.5759068541176077,
  "Hit@5": 0.73,
  "MRR@5": 0.5243333333333333,
  "P@10": 0.08133333333333359,
  "R@10": 0.8133333333333334,
  "NDCG@10": 0.6038341763370826,
  "Hit@10": 0.8133333333333334,
  "MRR@10": 0.536435185185185,
  "P@20": 0.042666666666666825,
  "R@20": 0.8533333333333334,
  "NDCG@20": 0.614076540060656,
  "Hit@20": 0.8533333333333334,
  "MRR@20": 0.5393153665506606,
  "P@50": 0.017799999999999913,
  "R@50": 0.89,
  "NDCG@50": 0.621320792517408,
  "Hit@50": 0.89,
  "MRR@50": 0.5404679722505192,
  "num_queries_eval": 300.0,
  "latency_p50_ms": 51.17429152596742,
  "latency_p95_ms": 70.05882851663046,
  "latency_mean_ms": 55.46476525060522,
  "num_latency_queries": 300.0,
  "index_size_mb": 24.436756134033203
}
