{
  "P@1": 0.43,
  "R@1": 0.43,
  "NDCG@1": 0.43,
  "Hit@1": 0.43,
  "MRR@1": 0.43,
  "P@5": 0.1453333333333336,
  "R@5": 0.7266666666666667,
  "NDCG@5": 0.5866610794039325,
  "Hit@5": 0.7266666666666667,
  "MRR@5": 0.5401111111111112,
  "P@10": 0.08166666666666693,
  "R@10": 0.8166666666666667,
  "NDCG@10": 0.6158960234819806,
  "Hit@10": 0.8166666666666667,
  "MRR@10": 0.552244708994709,
  "P@20": 0.04200000000000015,
  "R@20": 0.84,
  "NDCG@20": 0.6217228302436582,
  "Hit@20": 0.84,
  "MRR@20": 0.553808145214492,
  "P@50": 0.01753333333333325,
  "R@50": 0.8766666666666667,
  "NDCG@50": 0.6289956355036321,
  "Hit@50": 0.8766666666666667,
  "MRR@50": 0.554974510772712,
  "num_queries_eval": 300.0,
  "latency_p50_ms": 67.03214551089332,
  "latency_p95_ms": 71.41486842301674,
  "latency_mean_ms": 70.01680570693377,
  "num_latency_queries": 300.0,
  "index_size_mb": 48.47005844116211
}
