{
  "P@1": 0.36,
  "R@1": 0.36,
  "NDCG@1": 0.36,
  "Hit@1": 0.36,
  "MRR@1": 0.36,
  "P@5": 0.12066666666666657,
  "R@5": 0.6033333333333334,
  "NDCG@5": 0.4861868755319793,
  "Hit@5": 0.6033333333333334,
  "MRR@5": 0.4475,
  "P@10": 0.07033333333333343,
  "R@10": 0.7033333333333334,
  "NDCG@10": 0.518285175351731,
  "Hit@10": 0.7033333333333334,
  "MRR@10": 0.4605833333333333,
  "P@20": 0.038833333333333435,
  "R@20": 0.7766666666666666,
  "NDCG@20": 0.5367421878509082,
  "Hit@20": 0.7766666666666666,
  "MRR@20": 0.465608435266717,
  "P@50": 0.01753333333333325,
  "R@50": 0.8766666666666667,
  "NDCG@50": 0.5572298256634113,
  "Hit@50": 0.8766666666666667,
  "MRR@50": 0.4691591169800599,
  "num_queries_eval": 300.0,
  "latency_p50_ms": 352.74120850954205,
  "latency_p95_ms": 589.955940184882,
  "latency_mean_ms": 355.78911333926953,
  "num_latency_queries": 300.0,
  "index_size_mb": 48.47005844116211
}
