{
  "P@1": 0.25,
  "R@1": 0.25,
  "NDCG@1": 0.25,
  "Hit@1": 0.25,
  "MRR@1": 0.25,
  "P@5": 0.11799999999999988,
  "R@5": 0.59,
  "NDCG@5": 0.4240383514891873,
  "Hit@5": 0.59,
  "MRR@5": 0.3693333333333333,
  "P@10": 0.07233333333333346,
  "R@10": 0.7233333333333334,
  "NDCG@10": 0.46845229180757875,
  "Hit@10": 0.7233333333333334,
  "MRR@10": 0.38841931216931214,
  "P@20": 0.03933333333333344,
  "R@20": 0.7866666666666666,
  "NDCG@20": 0.48446508225407003,
  "Hit@20": 0.7866666666666666,
  "MRR@20": 0.39281015076255016,
  "P@50": 0.016599999999999938,
  "R@50": 0.83,
  "NDCG@50": 0.4931141624057897,
  "Hit@50": 0.83,
  "MRR@50": 0.3942176300738423,
  "num_queries_eval": 300.0,
  "latency_p50_ms": 157.0117294904776,
  "latency_p95_ms": 284.32221701950766,
  "latency_mean_ms": 168.88990458760722,
  "num_latency_queries": 300.0,
  "index_size_mb": 0.0001468658447265625
}
