{
  "P@1": 0.36333333333333334,
  "R@1": 0.36333333333333334,
  "NDCG@1": 0.36333333333333334,
  "Hit@1": 0.36333333333333334,
  "MRR@1": 0.36333333333333334,
  "P@5": 0.14266666666666689,
  "R@5": 0.7133333333333334,
  "NDCG@5": 0.5546946902262797,
  "Hit@5": 0.7133333333333334,
  "MRR@5": 0.5015555555555555,
  "P@10": 0.0823333333333336,
  "R@10": 0.8233333333333334,
  "NDCG@10": 0.5909663065280724,
  "Hit@10": 0.8233333333333334,
  "MRR@10": 0.516931216931217,
  "P@20": 0.04350000000000017,
  "R@20": 0.87,
  "NDCG@20": 0.6030850819592413,
  "Hit@20": 0.87,
  "MRR@20": 0.5204299955863425,
  "P@50": 0.01786666666666658,
  "R@50": 0.8933333333333333,
  "NDCG@50": 0.6075200651825633,
  "Hit@50": 0.8933333333333333,
  "MRR@50": 0.5210613499455771,
  "num_queries_eval": 300.0,
  "latency_p50_ms": 105.55006249342114,
  "latency_p95_ms": 155.3704499907326,
  "latency_mean_ms": 105.14320289134048,
  "num_latency_queries": 300.0,
  "index_size_mb": 24.436081886291504
}
