{
  "avg_answer_chars": 600.0833333333334,
  "avg_answer_relevance": 0.7811804436304437,
  "avg_citation_presence_rate": 0.8266666666666667,
  "avg_context_relevance": 0.9280668683168684,
  "avg_empty_answer": 0.0,
  "avg_end_to_end_latency_ms": 6721.414976171218,
  "avg_generation_latency_ms": 6465.009278215778,
  "avg_groundedness": 0.8157575127368796,
  "avg_insufficient_context": 0.006666666666666667,
  "avg_num_retrieved_docs": 5.0,
  "avg_rerank_latency_ms": 0.0,
  "avg_retrieval_latency_ms": 256.1164634791203,
  "avg_supported_citation_rate": 0.7877777777777778,
  "avg_unsupported_citation_rate": 0.03888888888888889,
  "num_examples": 300.0,
  "reranker_enabled_rate": 0.0,
  "generation_remote_concurrency": 4.0
}
