{
  "avg_answer_chars": 570.1066666666667,
  "avg_answer_relevance": 0.7749265327265328,
  "avg_citation_presence_rate": 0.8266666666666667,
  "avg_context_relevance": 0.9195954415954416,
  "avg_empty_answer": 0.0,
  "avg_end_to_end_latency_ms": 7238.196709393524,
  "avg_generation_latency_ms": 6905.22529746561,
  "avg_groundedness": 0.7923889624732704,
  "avg_insufficient_context": 0.013333333333333334,
  "avg_num_retrieved_docs": 5.0,
  "avg_rerank_latency_ms": 0.0,
  "avg_retrieval_latency_ms": 332.7300048689358,
  "avg_supported_citation_rate": 0.765,
  "avg_unsupported_citation_rate": 0.06166666666666667,
  "num_examples": 300.0,
  "reranker_enabled_rate": 0.0,
  "generation_remote_concurrency": 4.0
}
