{
  "avg_answer_chars": 547.7,
  "avg_answer_relevance": 0.7324313945313946,
  "avg_citation_presence_rate": 0.8366666666666667,
  "avg_context_relevance": 0.7768996003996004,
  "avg_empty_answer": 0.0,
  "avg_end_to_end_latency_ms": 9550.497260598155,
  "avg_generation_latency_ms": 6853.047875728614,
  "avg_groundedness": 0.6692283273459374,
  "avg_insufficient_context": 0.043333333333333335,
  "avg_num_retrieved_docs": 5.0,
  "avg_rerank_latency_ms": 2455.5319555833316,
  "avg_retrieval_latency_ms": 241.70207167665163,
  "avg_supported_citation_rate": 0.64,
  "avg_unsupported_citation_rate": 0.19666666666666666,
  "num_examples": 300.0,
  "reranker_enabled_rate": 1.0,
  "generation_remote_concurrency": 4.0
}
