{
  "avg_answer_chars": 595.14,
  "avg_answer_relevance": 0.7502328245828246,
  "avg_citation_presence_rate": 0.8233333333333334,
  "avg_context_relevance": 0.84319745994746,
  "avg_empty_answer": 0.0,
  "avg_end_to_end_latency_ms": 9663.870607494222,
  "avg_generation_latency_ms": 6674.653200268124,
  "avg_groundedness": 0.7593290726521477,
  "avg_insufficient_context": 0.03,
  "avg_num_retrieved_docs": 5.0,
  "avg_rerank_latency_ms": 2642.3898795534237,
  "avg_retrieval_latency_ms": 346.54807029835257,
  "avg_supported_citation_rate": 0.7188888888888889,
  "avg_unsupported_citation_rate": 0.10444444444444445,
  "num_examples": 300.0,
  "reranker_enabled_rate": 1.0,
  "generation_remote_concurrency": 4.0
}
