{
  "avg_answer_chars": 540.4166666666666,
  "avg_answer_relevance": 0.7888528342028343,
  "avg_citation_presence_rate": 0.8533333333333334,
  "avg_context_relevance": 0.931244116994117,
  "avg_empty_answer": 0.0,
  "avg_end_to_end_latency_ms": 5730.924281645566,
  "avg_generation_latency_ms": 5684.245820038486,
  "avg_groundedness": 0.8015448249782758,
  "avg_insufficient_context": 0.02,
  "avg_num_retrieved_docs": 5.0,
  "avg_rerank_latency_ms": 0.0,
  "avg_retrieval_latency_ms": 46.53969777903209,
  "avg_supported_citation_rate": 0.8133333333333334,
  "avg_unsupported_citation_rate": 0.04,
  "num_examples": 300.0,
  "reranker_enabled_rate": 0.0,
  "generation_remote_concurrency": 4.0
}
