{
  "avg_answer_chars": 596.28,
  "avg_answer_relevance": 0.7507631757131757,
  "avg_citation_presence_rate": 0.8266666666666667,
  "avg_context_relevance": 0.84319745994746,
  "avg_empty_answer": 0.0,
  "avg_end_to_end_latency_ms": 8910.184287899174,
  "avg_generation_latency_ms": 6265.692362230427,
  "avg_groundedness": 0.7608998215505249,
  "avg_insufficient_context": 0.03,
  "avg_num_retrieved_docs": 5.0,
  "avg_rerank_latency_ms": 2330.6935148492144,
  "avg_retrieval_latency_ms": 313.5576715095279,
  "avg_supported_citation_rate": 0.7233333333333334,
  "avg_unsupported_citation_rate": 0.10333333333333333,
  "num_examples": 300.0,
  "reranker_enabled_rate": 1.0
}
