{
  "avg_answer_chars": 595.4533333333334,
  "avg_answer_relevance": 0.7507039164539165,
  "avg_citation_presence_rate": 0.8333333333333334,
  "avg_context_relevance": 0.84319745994746,
  "avg_empty_answer": 0.0,
  "avg_end_to_end_latency_ms": 9867.656006233301,
  "avg_generation_latency_ms": 6162.693898483801,
  "avg_groundedness": 0.763140822750021,
  "avg_insufficient_context": 0.03,
  "avg_num_retrieved_docs": 5.0,
  "avg_rerank_latency_ms": 3315.236980452513,
  "avg_retrieval_latency_ms": 389.33431816132116,
  "avg_supported_citation_rate": 0.7288888888888889,
  "avg_unsupported_citation_rate": 0.10444444444444445,
  "num_examples": 300.0,
  "reranker_enabled_rate": 1.0,
  "generation_remote_concurrency": 4.0
}
