{
  "avg_answer_chars": 597.43,
  "avg_answer_relevance": 0.778879625929626,
  "avg_citation_presence_rate": 0.82,
  "avg_context_relevance": 0.9275906778406778,
  "avg_empty_answer": 0.0,
  "avg_end_to_end_latency_ms": 6399.016228204127,
  "avg_generation_latency_ms": 6226.4067576569505,
  "avg_groundedness": 0.8041780860786991,
  "avg_insufficient_context": 0.006666666666666667,
  "avg_num_retrieved_docs": 5.0,
  "avg_rerank_latency_ms": 0.0,
  "avg_retrieval_latency_ms": 172.4140098419351,
  "avg_supported_citation_rate": 0.7644444444444445,
  "avg_unsupported_citation_rate": 0.05555555555555555,
  "num_examples": 300.0,
  "reranker_enabled_rate": 0.0,
  "generation_remote_concurrency": 4.0
}
