{
  "avg_answer_chars": 585.1433333333333,
  "avg_answer_relevance": 0.735692675842676,
  "avg_citation_presence_rate": 0.8,
  "avg_context_relevance": 0.7803826821326821,
  "avg_empty_answer": 0.0,
  "avg_end_to_end_latency_ms": 8605.7094555418,
  "avg_generation_latency_ms": 6141.627076657023,
  "avg_groundedness": 0.7006605434398997,
  "avg_insufficient_context": 0.043333333333333335,
  "avg_num_retrieved_docs": 5.0,
  "avg_rerank_latency_ms": 2346.5097525017336,
  "avg_retrieval_latency_ms": 117.38789788835372,
  "avg_supported_citation_rate": 0.6533333333333333,
  "avg_unsupported_citation_rate": 0.14666666666666667,
  "num_examples": 300.0,
  "reranker_enabled_rate": 1.0,
  "generation_remote_concurrency": 4.0
}
