{
  "avg_answer_chars": 543.8166666666667,
  "avg_answer_relevance": 0.7529676971176972,
  "avg_citation_presence_rate": 0.8966666666666666,
  "avg_context_relevance": 0.8400454637954637,
  "avg_empty_answer": 0.0,
  "avg_end_to_end_latency_ms": 5847.407023212097,
  "avg_generation_latency_ms": 5775.864565586671,
  "avg_groundedness": 0.7841704297114583,
  "avg_insufficient_context": 0.02666666666666667,
  "avg_num_retrieved_docs": 5.0,
  "avg_rerank_latency_ms": 0.0,
  "avg_retrieval_latency_ms": 71.4353644203705,
  "avg_supported_citation_rate": 0.8094444444444444,
  "avg_unsupported_citation_rate": 0.08722222222222223,
  "num_examples": 300.0,
  "reranker_enabled_rate": 0.0,
  "generation_remote_concurrency": 4.0
}
