{
  "avg_answer_chars": 542.3333333333334,
  "avg_answer_relevance": 0.727759262959263,
  "avg_citation_presence_rate": 0.81,
  "avg_context_relevance": 0.7376299996299996,
  "avg_empty_answer": 0.0,
  "avg_end_to_end_latency_ms": 7845.11044805947,
  "avg_generation_latency_ms": 5744.188210131445,
  "avg_groundedness": 0.6501850810422278,
  "avg_insufficient_context": 0.056666666666666664,
  "avg_num_retrieved_docs": 5.0,
  "avg_rerank_latency_ms": 2023.9477580258,
  "avg_retrieval_latency_ms": 76.81002290453762,
  "avg_supported_citation_rate": 0.6166666666666667,
  "avg_unsupported_citation_rate": 0.19333333333333333,
  "num_examples": 300.0,
  "reranker_enabled_rate": 1.0,
  "generation_remote_concurrency": 4.0
}
