{
  "avg_answer_chars": 582.6166666666667,
  "avg_answer_relevance": 0.7475553909053909,
  "avg_citation_presence_rate": 0.8266666666666667,
  "avg_context_relevance": 0.8345293872793873,
  "avg_empty_answer": 0.0,
  "avg_end_to_end_latency_ms": 6195.081462476713,
  "avg_generation_latency_ms": 6074.643927197128,
  "avg_groundedness": 0.7438901555765768,
  "avg_insufficient_context": 0.023333333333333334,
  "avg_num_retrieved_docs": 5.0,
  "avg_rerank_latency_ms": 0.0,
  "avg_retrieval_latency_ms": 120.2749057028753,
  "avg_supported_citation_rate": 0.7333333333333333,
  "avg_unsupported_citation_rate": 0.09333333333333334,
  "num_examples": 300.0,
  "reranker_enabled_rate": 0.0,
  "generation_remote_concurrency": 4.0
}
