{
  "avg_answer_chars": 576.25,
  "avg_answer_relevance": 0.7697814537314538,
  "avg_citation_presence_rate": 0.8133333333333334,
  "avg_context_relevance": 0.9060454637954638,
  "avg_empty_answer": 0.0,
  "avg_end_to_end_latency_ms": 9197.197012517136,
  "avg_generation_latency_ms": 5745.494764319931,
  "avg_groundedness": 0.7776392752448744,
  "avg_insufficient_context": 0.03666666666666667,
  "avg_num_retrieved_docs": 5.0,
  "avg_rerank_latency_ms": 3293.7229845734932,
  "avg_retrieval_latency_ms": 157.6920916636785,
  "avg_supported_citation_rate": 0.7316666666666667,
  "avg_unsupported_citation_rate": 0.08166666666666667,
  "num_examples": 300.0,
  "reranker_enabled_rate": 1.0,
  "generation_remote_concurrency": 4.0
}
