{
  "avg_answer_chars": 572.4433333333334,
  "avg_answer_relevance": 0.7687269563769564,
  "avg_citation_presence_rate": 0.81,
  "avg_context_relevance": 0.9132862045362046,
  "avg_empty_answer": 0.0,
  "avg_end_to_end_latency_ms": 8811.919146183258,
  "avg_generation_latency_ms": 5419.881420638412,
  "avg_groundedness": 0.7781639097960094,
  "avg_insufficient_context": 0.03666666666666667,
  "avg_num_retrieved_docs": 5.0,
  "avg_rerank_latency_ms": 3261.4874323519566,
  "avg_retrieval_latency_ms": 130.26518526719883,
  "avg_supported_citation_rate": 0.7283333333333334,
  "avg_unsupported_citation_rate": 0.08166666666666667,
  "num_examples": 300.0,
  "reranker_enabled_rate": 1.0,
  "generation_remote_concurrency": 4.0
}
