{
  "avg_answer_chars": 542.48,
  "avg_answer_relevance": 0.7834674085174086,
  "avg_citation_presence_rate": 0.85,
  "avg_context_relevance": 0.9064660987160987,
  "avg_empty_answer": 0.0,
  "avg_end_to_end_latency_ms": 6478.893175460398,
  "avg_generation_latency_ms": 6256.212863635737,
  "avg_groundedness": 0.8040091536813684,
  "avg_insufficient_context": 0.023333333333333334,
  "avg_num_retrieved_docs": 5.0,
  "avg_rerank_latency_ms": 0.0,
  "avg_retrieval_latency_ms": 222.4849194319298,
  "avg_supported_citation_rate": 0.8105555555555556,
  "avg_unsupported_citation_rate": 0.03944444444444444,
  "num_examples": 300.0,
  "reranker_enabled_rate": 0.0,
  "generation_remote_concurrency": 4.0
}
