{
  "avg_answer_chars": 538.6533333333333,
  "avg_answer_relevance": 0.7546143726643727,
  "avg_citation_presence_rate": 0.85,
  "avg_context_relevance": 0.8499143911643912,
  "avg_empty_answer": 0.0,
  "avg_end_to_end_latency_ms": 6941.321995285495,
  "avg_generation_latency_ms": 5757.511671412892,
  "avg_groundedness": 0.7158559364246712,
  "avg_insufficient_context": 0.043333333333333335,
  "avg_num_retrieved_docs": 5.0,
  "avg_rerank_latency_ms": 0.0,
  "avg_retrieval_latency_ms": 1183.5875142808072,
  "avg_supported_citation_rate": 0.6961111111111111,
  "avg_unsupported_citation_rate": 0.15388888888888888,
  "num_examples": 300.0,
  "reranker_enabled_rate": 0.0,
  "generation_remote_concurrency": 4.0
}
